create sequence alter_seq_01 as smallint increment by 2 minvalue 30 maxvalue 100 cycle;
select * from alter_seq_01;
last_seq_num    min_value    max_value    start_value    increment_value    cycle    is_called
30    30    100    30    2    true    false
alter sequence alter_seq_02 no cycle;
invalid input: no such sequence alter_seq_02
alter sequence alter_seq_01 no cycle;
select * from alter_seq_01;
last_seq_num    min_value    max_value    start_value    increment_value    cycle    is_called
32    30    100    32    2    false    false
alter sequence alter_seq_01 as bigint;
select * from alter_seq_01;
last_seq_num    min_value    max_value    start_value    increment_value    cycle    is_called
34    30    100    34    2    false    false
alter sequence alter_seq_01 as tinyint;
not supported: Unsupported type for sequence
select * from alter_seq_01;
last_seq_num    min_value    max_value    start_value    increment_value    cycle    is_called
34    30    100    34    2    false    false
alter sequence alter_seq_01 increment by 3;
select * from alter_seq_01;
last_seq_num    min_value    max_value    start_value    increment_value    cycle    is_called
37    30    100    37    3    false    false
alter sequence alter_seq_01 start with 40;
select * from alter_seq_01;
last_seq_num    min_value    max_value    start_value    increment_value    cycle    is_called
43    30    100    43    3    false    false
alter sequence alter_seq_01 minvalue 10;
select * from alter_seq_01;
last_seq_num    min_value    max_value    start_value    increment_value    cycle    is_called
46    10    100    46    3    false    false
alter sequence alter_seq_01 maxvalue 1000;
select * from alter_seq_01;
last_seq_num    min_value    max_value    start_value    increment_value    cycle    is_called
49    10    1000    49    3    false    false
alter sequence alter_seq_01 minvalue 10000 maxvalue 10;
invalid input: Max value of sequence must be bigger than min value of it
alter sequence alter_seq_01 minvalue 1 maxvalue 1000000000 cycle;
select * from alter_seq_01;
last_seq_num    min_value    max_value    start_value    increment_value    cycle    is_called
52    1    1000000000    52    3    true    false
drop sequence alter_seq_01;
