create database transaction_enhance;
use transaction_enhance;
drop table if exists atomic_table_10;
create table atomic_table_10(c1 int,c2 varchar(25));
insert into atomic_table_10 values (3,"a"),(4,"b"),(5,"c");
start transaction ;
truncate table atomic_table_10;
use transaction_enhance;
select * from atomic_table_10;
c1    c2
3    a
4    b
5    c
select * from atomic_table_10;
c1    c2
commit;
select * from atomic_table_10;
c1    c2
drop table if exists atomic_table_10;
create table atomic_table_10(c1 int,c2 varchar(25));
insert into atomic_table_10 values (3,"a"),(4,"b"),(5,"c");
start transaction ;
truncate table atomic_table_10;
select * from atomic_table_10;
c1    c2
3    a
4    b
5    c
select * from atomic_table_10;
c1    c2
rollback;
select * from atomic_table_10;
c1    c2
3    a
4    b
5    c
drop table if exists atomic_table_10;
create table atomic_table_10(c1 int,c2 varchar(25));
insert into atomic_table_10 values (3,"a"),(4,"b"),(5,"c");
begin ;
truncate table atomic_table_10;
insert into atomic_table_10 values (6,"a"),(7,"b"),(8,"c");
select * from atomic_table_10;
c1    c2
3    a
4    b
5    c
6    a
7    b
8    c
select * from atomic_table_10;
c1    c2
commit;
select * from atomic_table_10;
c1    c2
drop table if exists atomic_table_11;
create table atomic_table_11(c1 int,c2 varchar(25));
insert into atomic_table_11 values (3,"a"),(4,"b"),(5,"c");
begin;
drop table atomic_table_11;
insert into atomic_table_11 values (6,"a");
select * from atomic_table_11;
c1    c2
3    a
4    b
5    c
6    a
commit;
select * from atomic_table_11;
SQL parser error: table "atomic_table_11" does not exist
drop table if exists atomic_table_11;
create table atomic_table_11(c1 int,c2 varchar(25));
insert into atomic_table_11 values (3,"a"),(4,"b"),(5,"c");
begin;
drop table atomic_table_11;
insert into atomic_table_11 values (6,"a");
select * from atomic_table_11;
c1    c2
3    a
4    b
5    c
6    a
rollback ;
select * from atomic_table_11;
c1    c2
3    a
4    b
5    c
6    a
drop table if exists atomic_table_11;
create table atomic_table_11(c1 int,c2 varchar(25));
insert into atomic_table_11 values (3,"a"),(4,"b"),(5,"c");
begin;
drop table atomic_table_11;
drop table atomic_table_11;
commit;
w-w conflict