create table t1(a INT,  b float);
insert into t1 values(12124, -4213.413), (12124, -42413.409);
SELECT length(uuid()) FROM t1;
length(uuid())
36
36
SELECT uuid(1) FROM t1;
invalid argument function uuid, bad value [BIGINT]
drop table t1;
CREATE TABLE namelists (
id UUID DEFAULT uuid() PRIMARY KEY,
name VARCHAR NOT NULL
);
INSERT INTO namelists (name) VALUES ('Tom'), ('Jane'), ('Bob');
SELECT * from namelists;
id    name
019213dc-7ba1-79a0-867b-d119f185e4e5    Tom
019213dc-7ba1-79a1-9d6d-2c377eba93b7    Jane
019213dc-7ba1-79a2-b0ca-e99e4c7ec529    Bob
INSERT INTO namelists (id, name) VALUES ('019213b0-d7bd-7271-a681-49e9d979d8d3', 'Jack');
INSERT INTO namelists (id, name) VALUES ('019213b0-d7bd-7271-a681-49e9d979d8d3', 'Alan');
Duplicate entry '019213b0-d7bd-7271-a681-49e9d979d8d3' for key 'id'
SELECT * from namelists;
id    name
019213dc-7ba1-79a0-867b-d119f185e4e5    Tom
019213dc-7ba1-79a1-9d6d-2c377eba93b7    Jane
019213dc-7ba1-79a2-b0ca-e99e4c7ec529    Bob
019213b0-d7bd-7271-a681-49e9d979d8d3    Jack
Drop Table namelists;
